file,bytes,status,url
104.pdf,542420,downloaded,https://mumbaipolice.gov.in/files/Cstat/104.pdf
103.pdf,533521,downloaded,https://mumbaipolice.gov.in/files/Cstat/103.pdf
102.pdf,533423,downloaded,https://mumbaipolice.gov.in/files/Cstat/102.pdf
101.pdf,536748,downloaded,https://mumbaipolice.gov.in/files/Cstat/101.pdf
100.pdf,536802,downloaded,https://mumbaipolice.gov.in/files/Cstat/100.pdf
99.pdf,533177,downloaded,https://mumbaipolice.gov.in/files/Cstat/99.pdf
98.pdf,535282,downloaded,https://mumbaipolice.gov.in/files/Cstat/98.pdf
96.pdf,533139,downloaded,https://mumbaipolice.gov.in/files/Cstat/96.pdf
95.pdf,536417,downloaded,https://mumbaipolice.gov.in/files/Cstat/95.pdf
94.pdf,537480,downloaded,https://mumbaipolice.gov.in/files/Cstat/94.pdf
93.pdf,541225,downloaded,https://mumbaipolice.gov.in/files/Cstat/93.pdf
92.pdf,335726,downloaded,https://mumbaipolice.gov.in/files/Cstat/92.pdf
91.pdf,443546,downloaded,https://mumbaipolice.gov.in/files/Cstat/91.pdf
90.pdf,440593,downloaded,https://mumbaipolice.gov.in/files/Cstat/90.pdf
88.pdf,441358,downloaded,https://mumbaipolice.gov.in/files/Cstat/88.pdf
87.pdf,440882,downloaded,https://mumbaipolice.gov.in/files/Cstat/87.pdf
86.pdf,442094,downloaded,https://mumbaipolice.gov.in/files/Cstat/86.pdf
85.pdf,440911,downloaded,https://mumbaipolice.gov.in/files/Cstat/85.pdf
82.pdf,452385,downloaded,https://mumbaipolice.gov.in/files/Cstat/82.pdf
81.pdf,449905,downloaded,https://mumbaipolice.gov.in/files/Cstat/81.pdf
80.pdf,452815,downloaded,https://mumbaipolice.gov.in/files/Cstat/80.pdf
79.pdf,452169,downloaded,https://mumbaipolice.gov.in/files/Cstat/79.pdf
78.pdf,452357,downloaded,https://mumbaipolice.gov.in/files/Cstat/78.pdf
77.pdf,448418,downloaded,https://mumbaipolice.gov.in/files/Cstat/77.pdf
76.pdf,456753,downloaded,https://mumbaipolice.gov.in/files/Cstat/76.pdf
74.pdf,139670,downloaded,https://mumbaipolice.gov.in/files/Cstat/74.pdf
73.pdf,139621,downloaded,https://mumbaipolice.gov.in/files/Cstat/73.pdf
72.pdf,337979,downloaded,https://mumbaipolice.gov.in/files/Cstat/72.pdf
70.pdf,338768,downloaded,https://mumbaipolice.gov.in/files/Cstat/70.pdf
69.pdf,338169,downloaded,https://mumbaipolice.gov.in/files/Cstat/69.pdf
68.pdf,455024,downloaded,https://mumbaipolice.gov.in/files/Cstat/68.pdf
67.pdf,452959,downloaded,https://mumbaipolice.gov.in/files/Cstat/67.pdf
66.pdf,454878,downloaded,https://mumbaipolice.gov.in/files/Cstat/66.pdf
65.pdf,453985,downloaded,https://mumbaipolice.gov.in/files/Cstat/65.pdf
64.pdf,337513,downloaded,https://mumbaipolice.gov.in/files/Cstat/64.pdf
63.pdf,277630,downloaded,https://mumbaipolice.gov.in/files/Cstat/63.pdf
62.pdf,49435,downloaded,https://mumbaipolice.gov.in/files/Cstat/62.pdf
61.pdf,246032,downloaded,https://mumbaipolice.gov.in/files/Cstat/61.pdf
60.pdf,459704,downloaded,https://mumbaipolice.gov.in/files/Cstat/60.pdf
59.pdf,130019,downloaded,https://mumbaipolice.gov.in/files/Cstat/59.pdf
58.pdf,521628,downloaded,https://mumbaipolice.gov.in/files/Cstat/58.pdf
57.pdf,409643,downloaded,https://mumbaipolice.gov.in/files/Cstat/57.pdf
56.pdf,162600,downloaded,https://mumbaipolice.gov.in/files/Cstat/56.pdf
55.pdf,162559,downloaded,https://mumbaipolice.gov.in/files/Cstat/55.pdf
54.pdf,121114,downloaded,https://mumbaipolice.gov.in/files/Cstat/54.pdf
53.pdf,409267,downloaded,https://mumbaipolice.gov.in/files/Cstat/53.pdf
52.pdf,110475,downloaded,https://mumbaipolice.gov.in/files/Cstat/52.pdf
51.pdf,119392,downloaded,https://mumbaipolice.gov.in/files/Cstat/51.pdf
50.pdf,78816,downloaded,https://mumbaipolice.gov.in/files/Cstat/50.pdf
49.pdf,120048,downloaded,https://mumbaipolice.gov.in/files/Cstat/49.pdf
47.pdf,419481,downloaded,https://mumbaipolice.gov.in/files/Cstat/47.pdf
46.pdf,418024,downloaded,https://mumbaipolice.gov.in/files/Cstat/46.pdf
45.pdf,412825,downloaded,https://mumbaipolice.gov.in/files/Cstat/45.pdf
44.pdf,117840,downloaded,https://mumbaipolice.gov.in/files/Cstat/44.pdf
43.pdf,118308,downloaded,https://mumbaipolice.gov.in/files/Cstat/43.pdf
42.pdf,413957,downloaded,https://mumbaipolice.gov.in/files/Cstat/42.pdf
40.pdf,413877,downloaded,https://mumbaipolice.gov.in/files/Cstat/40.pdf
39.pdf,146844,downloaded,https://mumbaipolice.gov.in/files/Cstat/39.pdf
38.pdf,413167,downloaded,https://mumbaipolice.gov.in/files/Cstat/38.pdf
37.pdf,416218,downloaded,https://mumbaipolice.gov.in/files/Cstat/37.pdf
36.pdf,415947,downloaded,https://mumbaipolice.gov.in/files/Cstat/36.pdf
35.pdf,118520,downloaded,https://mumbaipolice.gov.in/files/Cstat/35.pdf
34.pdf,364675,downloaded,https://mumbaipolice.gov.in/files/Cstat/34.pdf
33.pdf,132262,downloaded,https://mumbaipolice.gov.in/files/Cstat/33.pdf
32.pdf,359311,downloaded,https://mumbaipolice.gov.in/files/Cstat/32.pdf
31.pdf,510235,downloaded,https://mumbaipolice.gov.in/files/Cstat/31.pdf
30.pdf,364668,downloaded,https://mumbaipolice.gov.in/files/Cstat/30.pdf
29.pdf,366673,downloaded,https://mumbaipolice.gov.in/files/Cstat/29.pdf
28.pdf,111549,downloaded,https://mumbaipolice.gov.in/files/Cstat/28.pdf
27.pdf,366572,downloaded,https://mumbaipolice.gov.in/files/Cstat/27.pdf
26.pdf,366372,downloaded,https://mumbaipolice.gov.in/files/Cstat/26.pdf
24.PDF,366264,downloaded,https://mumbaipolice.gov.in/files/Cstat/24.PDF
23.pdf,366311,downloaded,https://mumbaipolice.gov.in/files/Cstat/23.pdf
22.pdf,136636,downloaded,https://mumbaipolice.gov.in/files/Cstat/22.pdf
21.pdf,137602,downloaded,https://mumbaipolice.gov.in/files/Cstat/21.pdf
20.pdf,121989,downloaded,https://mumbaipolice.gov.in/files/Cstat/20.pdf
19.pdf,366164,downloaded,https://mumbaipolice.gov.in/files/Cstat/19.pdf
18.pdf,366559,downloaded,https://mumbaipolice.gov.in/files/Cstat/18.pdf
17.pdf,120523,downloaded,https://mumbaipolice.gov.in/files/Cstat/17.pdf
16.pdf,120736,downloaded,https://mumbaipolice.gov.in/files/Cstat/16.pdf
15.pdf,121298,downloaded,https://mumbaipolice.gov.in/files/Cstat/15.pdf
14.pdf,120167,downloaded,https://mumbaipolice.gov.in/files/Cstat/14.pdf
13.pdf,367090,downloaded,https://mumbaipolice.gov.in/files/Cstat/13.pdf
12.pdf,121896,downloaded,https://mumbaipolice.gov.in/files/Cstat/12.pdf
11.pdf,121975,downloaded,https://mumbaipolice.gov.in/files/Cstat/11.pdf
10.pdf,122071,downloaded,https://mumbaipolice.gov.in/files/Cstat/10.pdf
9.pdf,222540,downloaded,https://mumbaipolice.gov.in/files/Cstat/9.pdf
8.pdf,72939,downloaded,https://mumbaipolice.gov.in/files/Cstat/8.pdf
7.pdf,115784,downloaded,https://mumbaipolice.gov.in/files/Cstat/7.pdf
6.pdf,123754,downloaded,https://mumbaipolice.gov.in/files/Cstat/6.pdf
5.pdf,117728,downloaded,https://mumbaipolice.gov.in/files/Cstat/5.pdf
4.pdf,123857,downloaded,https://mumbaipolice.gov.in/files/Cstat/4.pdf
3.pdf,124455,downloaded,https://mumbaipolice.gov.in/files/Cstat/3.pdf
2.pdf,121050,downloaded,https://mumbaipolice.gov.in/files/Cstat/2.pdf
1.pdf,142907,downloaded,https://mumbaipolice.gov.in/files/Cstat/1.pdf
